"Point of Interest","Centro Comercial_1","Centro Comercial_2","Hospital_3","Estadio_4","Escuela_5","Museo_6","Banco_7","Escuela_8","Hotel_9","Estadio_10","Escuela_11","Museo_12","Museo_13","Hospital_14","Museo_15","Estadio_16","Hospital_17","Estadio_18","Parque_19","Estadio_20","Banco_21","Museo_22","Parque_23","Mercado_24","EstaciÃ³n_25","Parque_26","Estadio_27","Hotel_28","Escuela_29","EstaciÃ³n_30","Banco_31","Banco_32","Escuela_33","Parque_34","Parque_35","Hotel_36","Museo_37","Estadio_38","Banco_39","EstaciÃ³n_40","Estadio_41","Hotel_42","Mercado_43","Museo_44","Banco_45","EstaciÃ³n_46","Hospital_47","EstaciÃ³n_48","Mercado_49","Escuela_50"
"Centro Comercial_1","-0.0085141923674622","0.055004236062511","0.18426574977573","0.73135302146186","0.34039161673881","0.5551412344667","0.4570892916519","0.083518765701934","0.31672462000998","0.73919662918671","0.1549549650282","0.53764191542612","0.20975918415379","0.17517381420494","0.49501944629476","0.35139141180943","0.66361431264891","0.69708626353625","0.083157903033578","0.31123352087365","0.26002088153359","0.50939449051588","0.14283848815644","0.58137488914934","0.03389410906862","0.71593256247138","0.17417101668066","0.24280444935037","0.51340496574307","0.68152345378219","0.67735865830281","0.52382357157076","0.47491103535527","0.42567915391663","0.76559639031018","0.37481650755618","0.28350998563295","0.20872392420326","0.25210492530709","0.83458960417836","0.45703688618794","0.50142757689526","0.64669563295132","0.7216447213822","0.62649111783292","0.53900339434901","0.44136908220601","0.22940536753662","0.60413356116299","0.39484168197527"
"Centro Comercial_2","0.41155000661713","-0.0085141923674622","0.35751013007333","0.85778458513166","0.73190048350868","0.49448595170632","0.0033819579297221","0.43826148768462","0.012882267523386","0.92916348488453","0.98712444125584","0.692365665861","0.35598996835876","0.10759232178385","0.67845105285675","0.0616733125129","0.16388260882795","0.68129823309818","0.72242882370171","0.46274341778941","0.10727044702099","0.36473990282902","0.39947741176031","0.65690098758363","0.49908251028588","0.19453547936061","0.054091017237897","0.11483569539796","0.75428142925592","0.58517337795099","0.68303346067794","0.28241379676945","0.015716946706264","0.15929275902762","0.20981177291772","0.025690005275373","0.74539132529184","0.3351308156959","0.31686860214336","0.43997785369656","0.71373329266518","0.25738785065744","0.59624951746281","0.75590114118901","0.55205702902262","0.1145103745955","0.33995622429905","0.48861802447348","0.17961134172285","0.74862385707881"
"Hospital_3","0.54315495556992","0.37167463593875","-0.0085141923674622","0.70589096804018","0.1728492405332","0.10075550752281","0.34401747362038","0.18352371480136","0.19262254245136","0.52342427089684","0.21127245378916","0.20211251392622","0.16251858203536","0.14594426800803","0.20239395271374","0.32064025582811","0.65294291782039","0.069133566661986","0.72481795562601","0.47831130495288","0.29721099917185","0.10682308509262","0.039238146631918","0.11244837814346","0.029583700086041","0.75533173813472","0.69870760683914","0.38466697509943","0.20882076158208","0.34401928829017","0.046601930002137","0.84112866595375","0.33347011788755","0.4418994973548","0.12943777497288","0.50169686289418","0.2682487410041","0.41371718059704","0.62098931397783","0.7265294275285","0.44252964602208","0.17037197797907","0.10377660278418","0.29690054399768","0.42781060273066","0.025434136834901","0.31373435580506","0.18799170677576","0.5586958243165","0.040774988644566"
"Estadio_4","0.50145877455166","0.4402980970896","0.69735465136527","-0.0085141923674622","0.7228388290944","0.01593890465065","0.71653279658212","0.36913825914144","0.34494084726383","0.017245265269896","0.22957002590762","0.2386160814937","0.71582159266419","0.47121935545129","0.59609864325022","0.23462754727398","0.40732591359459","0.16903878224292","0.15213896411316","0.32599789424984","0.62928099850097","0.31346996391557","0.66058161449888","0.13328740446863","0.23362946055916","0.6156837144201","0.32353949326354","0.76050677311752","0.64533342082852","0.31518777799733","0.43283131746127","0.34246376800968","0.14376530783948","0.60606136370052","0.65009463777908","0.53801056834358","0.061349623080253","0.35517014087337","0.15095282995004","0.25733236575384","0.13650833336694","0.17944868132162","0.27059888502289","0.75465244674311","0.62126730672575","0.64827490890908","0.16986731647731","0.42125396248729","0.88775816427271","0.54148410294273"
"Escuela_5","0.69520542245329","0.24768081534763","0.19016214349529","0.42531502850865","-0.0085141923674622","0.082015834185373","0.71901803268532","0.85068119771139","0.71700935819712","0.45514770495595","0.7344740335417","0.059579036934579","0.16628515831069","0.75830532204157","0.17422523681441","0.10037596658661","0.44443405948231","0.45056782667447","0.0030414048990219","0.22582012993036","0.38687132231505","0.41447789383925","0.56769092250847","0.17835920123735","0.40134465198483","0.24505467655069","0.32441535555247","0.10418842284666","0.39764934274127","0.30580950952958","0.091087460118507","0.48697111082353","0.73639404583013","0.38859458040619","0.46085297178757","0.33655032739209","0.19550654765854","0.71011940527222","0.08492504313965","0.38044469674668","0.36695748430311","0.0071485342050592","0.53010295226612","0.55732200930504","0.27614983160231","0.5263804413057","0.54651986660161","0.41378010747978","0.69959598851662","0.33963072019661"
"Museo_6","0.12671679676688","0.047923522849625","0.20890200013271","0.012102876013328","0.57394328478694","-0.0085141923674622","0.31740282993171","0.8243726466574","0.69428368017966","0.63651802993582","0.70271265638696","0.29059740762506","0.1063215030305","0.23760113118083","0.52546577441125","0.64211249193022","0.37217295526124","0.42515762881681","0.012048655879585","0.27649020133303","0.73956909474373","0.70592233066656","0.73581159181734","0.53373933056648","0.26627668985167","0.011767400392042","0.84399362629314","0.73697342040327","0.31438807684962","0.70715526131428","0.11460702867435","0.89230050271852","0.27817265684888","0.10969675218099","0.62344426892453","0.16613609876789","0.16389784105619","0.50028713941686","0.59308770280768","0.78163194903967","0.057601725072761","0.14638310648739","0.1189072828381","0.65341040608644","0.33584546565343","0.28309490283085","0.54350366544968","0.0070892366619021","0.36019538311345","0.58765898065415"
"Banco_7","0.69437017943968","0.36376357382168","0.58462102179473","0.71814253699635","0.68440564431959","0.69438867440755","-0.0085141923674622","0.0064385950569861","0.82163625292318","0.2671559981802","0.11604721660815","0.67181333903274","0.37240143868487","0.43214550059041","0.058455646354218","0.053509827994966","0.42609768275833","0.31236325363328","0.37725604697465","0.32845974127575","0.2847842504259","0.66869106218305","0.73247478067241","0.58988871491684","0.14300622596708","0.29790189345212","0.79581749774266","0.84727403603458","0.4962868190085","0.4592954535373","0.13462259817455","0.6291386477374","0.24983457176909","0.28329491976777","0.35476195015047","0.46749121718151","0.18127874831043","0.44211130048036","0.18166155198626","0.70341570345583","0.6726195656597","0.74835257311011","0.7878699955898","0.43815141604733","0.14998194495208","0.22274010372579","0.59998744395145","0.38362500636967","0.52099415309727","0.41772765582423"
"Escuela_8","0.65945985528833","0.75280207011664","0.72678837540862","0.36618480157227","0.039961686638421","0.041096863407422","0.076510950890636","-0.0085141923674622","0.60550411343483","0.45135900437317","0.49346810525378","0.77236864631866","0.038507897846189","0.35298736806526","0.12167250965899","0.1007504301134","0.084889501273752","0.76039307214064","0.755745189567","0.56261127683466","0.55180623799156","0.38944179290842","0.69101089571734","0.59261532043219","0.49387248333712","0.051615569353563","0.59971997262232","0.48715281609256","0.3509037972057","0.57703890981971","0.20097062837799","0.34814001845464","0.74707777674722","0.4976845729972","0.56201304069369","0.77309654886466","0.12517306267503","0.10422559608237","0.14801478790909","0.56888068601117","0.14176768634001","0.79898420650722","0.55060994900961","0.39880011833847","0.18746473766657","0.25703043402869","0.93069651425762","0.6744358484901","0.46213339545981","0.39602455339877"
"Hotel_9","0.62739018589917","0.25549014597644","0.51149547487342","0.01582538697375","0.72015320945432","0.10348682384762","0.037313423534031","0.0240719247121","-0.0085141923674622","0.39484331334508","0.45270616756771","0.41999637799242","0.031437339452131","0.18508920660071","0.82999141422899","0.083661116465507","0.20072654612616","0.6698327644313","0.12269924616051","0.20402381946565","0.78712541274573","0.0080702764786901","0.20789883600847","0.44453071356116","0.38403156572276","0.79554458240416","0.011408169093497","0.10629611598343","0.70884805494893","0.51629767769925","0.24564112650301","0.282998248752","0.6961273480269","0.21056233134111","0.49001759313197","0.079013417191852","0.67738404534988","0.36846730789887","0.46579153146766","0.5225935553927","0.46148148908504","0.58058823896012","0.33675034432901","0.39168349665972","0.19621974954624","0.44832430825337","0.17022654777586","0.47765740060834","0.70658167902047","0.87559780538601"
"Estadio_10","0.078440751397937","0.59092234349756","0.58137107650978","0.05921472822662","0.72387771838451","0.34769247322629","0.17742404140527","0.30782073188749","0.47312992779081","-0.0085141923674622","0.41831210780678","0.59209143076265","0.53718874288842","0.46188786513814","0.49325720029812","0.63230372513215","0.4033067316184","0.75586996186261","0.59094683237474","0.1013959943089","0.1235381185137","0.042008450862225","0.46522068034353","0.58629876650112","0.30987601956031","0.26700675533742","0.70736469987011","0.26880617456977","0.24510581724479","0.48910600567717","0.099049296329711","0.83695426555548","0.094410120505072","0.76777952971824","0.10983057949555","0.11106748775281","0.12215885949287","0.077512300345081","0.071110878523805","0.32852919363773","0.1824055849304","0.46938873856254","0.058143926410191","0.45121157620018","0.75753608535034","0.24519884198405","0.55182981036884","0.16578031350895","0.26975511856026","0.15153909660239"
"Escuela_11","0.72557395805877","0.34507304320857","0.74028103186157","0.26428051642203","0.29832568300322","0.58784358206285","0.43502043244864","0.71107487474196","0.068325342065256","0.34488046825079","-0.0085141923674622","0.79441648101434","0.27902712803027","0.12418531407901","0.25630344798258","0.3158621752795","0.2053760600696","0.70924335968332","0.11279400858357","0.78707245738184","0.66036962807334","0.76636036629201","0.58008176278856","0.12118960586472","0.26575135211229","0.21546281961559","0.78433787831741","0.63944391918817","0.68664553340111","0.48601745602359","0.4333994557457","0.72915538302547","0.4476620637598","0.20565550088736","0.63182336920758","0.34310588616558","0.78159895504348","0.49283033130738","0.48079219684658","0.21343618172946","0.65716756074286","0.55901570110959","0.72458747423261","0.015716946706264","0.067420646689657","0.50909111072089","0.39020921492986","0.8113665233383","0.39490968626742","0.63767351634248"
"Museo_12","0.52329007698232","0.201958376974","0.69017094189427","0.12654724428645","0.83171322425029","0.43187203535197","0.5462010712784","0.11080309586332","0.0068181359931871","0.72147245606208","0.48254265665458","-0.0085141923674622","0.02243171984138","0.71022821213966","0.37753403972257","0.12131327836045","0.72129564490248","0.58043917941732","0.14172362102509","0.56674034714816","0.45037814785636","0.09017079525429","0.40422502785243","0.88566859950384","0.90019778067718","0.59380653200473","0.51744427405693","0.44690950736664","0.55766853791505","0.56310433544776","0.14380774178459","0.71567706063087","0.71400367846398","0.6918813139969","0.15400801900747","0.45098980155578","0.52198371636308","0.87791185763897","0.3097200679383","0.31834777798267","0.0078873064398048","0.33576930451222","0.35030193172516","0.28561767876972","0.029802211990825","0.45661201516697","0.45198244426123","0.75788008442064","0.144947995963","0.58617980481485"
"Museo_13","0.29255948725864","0.51515179621148","0.26944502998604","0.72656660076421","0.24825892515092","0.88088399347599","0.25376888585507","0.31900386359695","0.040988423139936","0.20709061141174","0.23483753572975","0.51895228298291","-0.0085141923674622","0.18356959478607","0.17793559498623","0.12177931855667","0.27820819871477","0.75625003436875","0.22158098797955","0.5029306917118","0.79039874710798","0.48522338218522","0.54681617101741","0.096772050712505","0.80174635388847","0.004525658147739","0.21068274109721","0.34281102981961","0.38680876203227","0.61271357655285","0.23763830441654","0.62103282939281","0.70864748811208","0.19046207725068","0.22248260391551","0.33524233540303","0.38679860721344","0.71980631424435","0.67570848191324","0.56133519737192","0.21733132460997","0.42164310834239","0.27703911144969","0.23422080462092","0.35174901173816","0.21789383558505","0.51839521601719","0.15925014178253","0.39812190841673","0.7339844209682"
"Hospital_14","0.039675353741464","0.48831664264826","0.13394475485278","0.41142651742138","0.50397502501128","0.15501770861096","0.21941036796004","0.17699354307495","0.44425798152263","0.5264974050222","0.33600812605466","0.06301013758863","0.32419194953825","-0.0085141923674622","0.72503501946096","0.33297869064426","0.064457217601637","0.011896150297184","0.21641465974575","0.493292925464","0.25049518489286","0.62754650412113","0.37038350754774","0.52639767150371","0.67649984291192","0.056310596681757","0.52279338902964","0.17572453899139","0.57368578497666","0.068157604254612","0.47226422032071","0.15867584461881","0.47123385447961","0.40220401727566","0.7120035090948","0.57089698577849","0.65314003861764","0.6369869662717","0.56474798635808","0.65912382976711","0.11095741611551","0.52321046980151","0.5071273997175","0.39268702738392","0.21960693885736","0.14053422412235","0.041205303674908","0.10821413030209","0.78134724751253","0.69098314410054"
"Museo_15","0.73386582588188","0.37512767760027","0.32616273592082","0.37883332496263","0.31156699852517","0.36624791175499","0.07606014292266","0.17782896938854","0.21766353749163","0.68649973659793","0.7976412225522","0.75873855154157","0.52593144800751","0.81465019581937","-0.0085141923674622","0.65450333221032","0.53405939065955","0.71042423313704","0.62753924544197","0.41366785457273","0.34499361932774","0.74385919408865","0.60351664675418","0.7591238847571","0.56287548542417","0.48367075804439","0.53366280282531","0.15953828934928","0.26713424047271","0.11426302960405","0.23753004744903","0.83976100982158","0.50930291384644","0.0029481968597781","0.70906456888395","0.33290089813324","0.56376331720171","0.2364878954193","0.22630992580383","0.39309811424648","0.44998845210133","0.70600701525679","0.26279626317331","0.55453973558611","0.02443786478987","0.71357570967336","0.80111891806088","0.026632057186661","0.061995187275755","0.061290325537096"
"Estadio_16","0.10958994328332","0.13005450608171","0.010855812937239","0.43777532115073","0.70012277432583","0.57196162871563","0.66098762395203","0.42291392709573","0.68612237693148","0.10767192896466","0.26376914614104","0.43532852305309","0.064499468246761","0.48490566833189","0.53521161432658","-0.0085141923674622","0.4603881963612","0.35506351527567","0.56010844393349","0.65922411318554","0.3038492445658","0.19763599850281","0.015337405770063","0.74678455177106","0.058257444087091","0.16663586616022","0.22904795090787","0.37708849246399","0.68683213277957","0.26177497068117","0.28441468100855","0.37551121447601","0.028790707717552","0.69100508510801","0.37232183150406","0.40391367450836","0.065824507133852","0.63714654723329","0.68553392900938","0.1293717686505","0.49664841487677","0.12094226087326","0.37694740647027","0.26838946039786","0.33926822615845","0.54939679642961","0.7217816281364","0.43648419275972","0.45542732907369","0.5526993304785"
"Hospital_17","0.62264093843724","0.62312239416168","0.10936635396912","0.27950785055479","0.67926943227231","0.12965302413804","0.077563074439221","0.23097104263594","0.2588180670724","0.42096037091117","0.47559558745627","0.1943439858727","0.48208640467723","0.6375242734997","0.77486640181042","0.089584711901924","-0.0085141923674622","0.041579767201695","0.31687875696219","0.67228953404779","0.82985795351439","0.36426878522338","0.56503232128527","0.59970255912432","0.52849031571222","0.50793236157461","0.33648087503011","0.64763786816259","0.48445867300347","0.40631822196088","0.25981415581745","0.72719530136166","0.016791194562296","0.7696663463805","0.071290585823066","0.043936619999714","0.24282820502763","0.28650387917745","0.012389208910285","0.70439564347274","0.56704354364317","0.26337582104643","0.52782951928847","0.45883630542029","0.083606896331764","0.032611504126632","0.37773369005953","0.29343897888714","0.48055627144381","0.61153415116896"
"Estadio_18","0.82248020268578","0.24053246444255","0.30428282233576","0.16187301783985","0.7346031500468","0.60693904065923","0.64042495900496","0.090470729009678","0.28900471410886","0.27228986398775","0.39980780997218","0.2559679723613","0.54664861650675","0.72173629805163","0.68367376416405","0.25080727143684","0.032750408850603","-0.0085141923674622","0.61031121037009","0.22354288431315","0.47612037529571","0.1630268728767","0.16533658092016","0.65741290776455","0.49735309331545","0.71807434940422","0.7541524960508","0.52659387580107","0.27023113027533","0.42895774898828","0.57392279184931","0.60345371987144","0.40899858089156","0.14961274213469","0.13213010339219","0.65353244721236","0.42947021906914","0.27109212693597","0.42223282103433","0.63095003645837","0.83484547261883","0.44154697483548","0.50004342376499","0.74675498548447","0.75596406807175","0.68170805519089","0.75978957529028","0.021533733245007","0.44898728594687","0.23647429456087"
"Parque_19","0.97424561977206","0.41030620628066","0.7434887265014","0.50512633217842","0.080668854290814","0.50350662024534","0.029038052709009","0.58565646504524","0.49736269823434","0.83210418477518","0.38941314312172","0.31647219760911","0.10491014818337","0.41895767200228","0.48717783653968","0.6746482015156","0.33144184863161","0.13833495431615","-0.0085141923674622","0.086704152734341","0.46672016582049","0.41808507245298","0.30307166772553","0.6394896158729","0.21175009687404","0.15843013099716","0.20048953925351","0.52993394968562","0.011408169093497","0.35924807049277","0.22256873657557","0.16692909113638","0.28526697092019","0.038463832531274","0.10058106093295","0.61379453318811","0.73308988041143","0.70982436562627","0.21961364763659","0.88179358296102","0.20860025170753","0.046105425349434","0.58236227114539","0.044577106785802","0.62547435285026","0.2603362308172","0.49880796357756","0.079931896725859","0.16403166837075","0.24266735929619"
"Estadio_20","0.54993718309725","0.75895088623707","0.23487144622584","0.23678782917468","0.66043781566548","0.27236294568932","0.71136665164829","0.36073413841128","0.76878703805198","0.068064396215369","0.29366256820134","0.50998946391722","0.13054756469481","0.26854867475948","0.53767564262223","0.069570773771533","0.17757473231788","0.51729013710472","0.4057382974878","-0.0085141923674622","0.19977270802623","0.035303832545938","0.14969905809473","0.59153254912714","0.34782466917103","0.067935646310226","0.42734129979481","0.37564159575096","0.12002233326942","0.4775000009165","0.10839383760135","0.51562962259634","0.5395952883107","0.19238516897875","0.51266619350832","0.3835571853775","0.39156653294322","0.094325435914845","0.6901663960548","0.60034159784058","0.46257478180887","0.39411506252912","0.068338942923686","0.44055922623947","0.82017467388184","0.2286074810587","0.54666910944438","0.7336750655939","0.68363459295857","0.47398384907226"
"Banco_21","0.41738021071432","0.20324098191599","0.19793085484878","0.56284991507712","0.19621956624626","0.37415534453247","0.46684565298601","0.084479495881066","0.79833682764193","0.74734777761607","0.38255746729287","0.15211683980572","0.51127677966866","0.4144098895471","0.21044736559437","0.025137649119115","0.27392825418868","0.70547606853806","0.86335910408836","0.46053762250396","-0.0085141923674622","0.43694841828615","0.095570867621122","0.48221352321256","0.093385015373369","0.62572640865117","0.59911121506257","0.53578138398083","0.57446154714714","0.70289978733536","0.26782858079258","0.23114893526541","0.076666719212661","0.55782104349745","0.094866005882463","0.19964722086071","0.34925977969542","0.29381851982334","0.034263495185993","0.36666788866653","0.69223257174636","0.37244550399979","0.30270409627795","0.54308695127777","0.45152003340459","0.37473798184524","0.60377922397388","0.19373559491291","0.2399870003655","0.59876794919218"
"Museo_22","0.018817649148443","0.72747455887944","0.14212854900837","0.33430536090116","0.78040338093145","0.29739378591076","0.003214220119079","0.73709075071973","0.53547274347645","0.18017585066771","0.41602289270096","0.83042172925933","0.24034931110369","0.18619936292259","0.74241900615485","0.66546650394517","0.58633122892738","0.44662662050929","0.62042317366317","0.38775933739257","0.21487110895387","-0.0085141923674622","0.31488150206267","0.078047609603306","0.51287817993386","0.53744153188925","0.0013012832098319","0.62968592648424","0.032852140338863","0.72244913333937","0.44322308817206","0.65906960963337","0.14239964967708","0.44108945808828","0.72982978030764","0.51153772551855","0.031359363641129","0.31808012335355","5.4220133742997E-5","0.42635210312897","0.71181364697671","0.53439812902046","0.34692868054443","0.16506185091186","0.72696971407769","0.31189594866721","0.59124421826042","0.34135216361796","0.61554825573573","0.74927975939312"
"Parque_23","0.76081812646159","0.18916424008045","0.43524565313265","0.7656473477043","0.65888156218507","0.44272113950998","0.39233903237408","0.35221849797399","0.68964450435502","0.50641238316001","0.41684816419572","0.083761033283977","0.43482712429095","0.71377464514041","0.69097064304199","0.27392354337922","0.73993576802141","0.70612724171292","0.62469278007045","0.029254933243981","0.10724832271354","0.11936643095511","-0.0085141923674622","0.35934509117158","0.51962578209518","0.31439315425903","0.49591235548171","0.1865043740874","0.37531917108817","0.4026499311342","0.67565118233985","0.002563578514163","0.41454879427107","0.56473238752988","0.52241910880283","0.44525751630728","0.53448807432008","0.64549789589954","0.46166590719375","0.33565578683532","0.072649351906265","0.26699660051859","0.35592541010621","0.062274811393487","0.60936244967957","0.084426907117135","0.76798896827407","0.42344089620492","0.35100879143359","0.26748965913169"
"Mercado_24","0.16327766390776","0.096045247966378","0.63991322212401","0.53051876826813","0.47032226702481","0.44746730753227","0.4607729980068","0.41475551998721","0.16761690597701","0.51264932991027","0.1062079853536","0.55218051821837","0.37946873433931","0.30048633150388","0.069126857882761","0.001143700218017","0.71810210102102","0.24240115273691","0.29945396769301","0.34610014631004","0.19232587143559","0.20350192776588","0.34920574286166","-0.0085141923674622","0.78190975848761","0.26166960985333","0.36677451426422","0.4812070963487","0.30440141742208","0.6043145332321","0.47469541959015","0.30642279459881","0.53634334505598","0.4688284088572","0.37218963555932","0.58971082228737","0.42561025145458","0.67759984441498","0.75539484831743","0.031640619128673","0.46254721349205","0.55462060753678","0.71697797724074","0.87066485468528","0.67567475471713","0.35939767993551","0.57566780764793","0.33237882313348","0.48134129026322","0.34190288840441"
"EstaciÃ³n_25","0.15060212210052","0.32597087583296","0.32156707551116","0.1585606955721","0.35157093580871","0.47942527391432","0.35917698676098","0.70369114833404","0.32081307104817","0.42333826654676","0.55066235447356","0.55238942520426","0.047269435205107","0.24422777368611","0.035120862507052","0.70919984426834","0.079960546512553","0.18169709385216","0.74510462579493","0.34444634058089","0.49396043066697","0.088290137471318","0.23134895220233","0.30140407783797","-0.0085141923674622","0.44649297649471","0.15797116618013","0.093798466805657","0.50385206738547","0.6497729463162","0.76633353117511","0.70015124081255","0.27492960364312","0.40567881664466","0.59078851618301","0.14890951176584","0.13596105462009","0.52955296067959","0.17988751980098","0.24569334866699","0.28456047781172","0.087419169291828","0.45657936944074","0.77271645802852","0.5154063998821","0.37482484770521","0.52168704534731","0.80839656877104","0.81259998555596","0.59675617693434"
"Parque_26","0.68687203718497","0.11635385914276","0.65316832180438","0.94659861227252","0.48545313037871","0.10685862695851","0.17870320030765","0.7915745431523","0.33389190946887","0.50906627357375","0.62148363736079","0.58710409495819","0.60208298429962","0.231906385768","0.15192879235742","0.39173590212368","0.72653758437756","0.44099643334901","0.75640109188131","0.79192525100183","0.59128646890554","0.31963419556421","0.2253423035455","0.13101523626084","0.32330048842112","-0.0085141923674622","0.28525355336174","0.1382383002373","0.61512791222424","0.71995337581738","0.44389259134479","0.060131393090837","0.11118263679952","0.72555401502107","0.063360845438158","0.35855680961254","0.28415718119826","0.74497242985018","0.20955590447725","0.04434844006219","0.053411542546308","0.059026680778321","0.2818327908265","0.57980884745006","0.21505099955311","0.38419096338436","0.22366492543907","0.36818097500192","0.71997876286445","0.65719058322021"
"Estadio_27","0.44923952504776","0.053352245003151","0.074684329941428","0.95091228399472","0.45051868395014","0.15353671810186","0.637252989531","0.3033206440868","0.062162925086398","0.67041576834402","0.11722990473167","0.43652136599543","0.32572171617171","0.64669255351168","0.42660597359967","0.37431963630351","0.74008083162467","0.61801573007098","0.45861508067582","0.12120320672315","0.12210463935912","0.41256640499984","0.4815476493794","0.073711813573657","0.57868292732999","0.038019916642502","-0.0085141923674622","0.13588326210907","0.65537593175962","0.31848505133683","0.16259329510673","0.44227214621179","0.60175258608775","0.11608783588346","0.685918547355","0.47650699161109","0.53761234913953","0.30869714407635","0.43168417120365","0.050212554655471","0.33734042362092","0.68540446423432","0.38671247455338","0.28457734140977","0.44724516628791","0.97701084659295","0.69656655310622","0.11450548048607","0.83066889095081","0.37869623490845"
"Hotel_28","0.36846893926868","0.46921955268206","0.23871255227257","0.38777275495102","0.58261832288585","0.46861950187131","0.62347618145085","0.44185198600028","0.36531927740216","0.17430484399522","0.18100927901153","0.0055999060037708","0.13859753153584","0.18861532996379","0.41785477435956","0.24328409040502","0.62455297717659","0.72030789630647","0.27657996333267","0.57352783538489","0.83066473004129","0.40211044263645","0.22899554544391","0.67538008167114","0.65171997702151","0.0066554755919581","0.032523373496803","-0.0085141923674622","0.79521455079224","0.3517539058476","0.47955836802896","0.58327911930959","0.32443221915052","0.38549424456396","0.61936723747502","0.41543517797878","0.27190542894211","0.37205091413532","0.44704514935099","0.26284032848823","0.47938555280891","0.35561369016218","0.58491587814071","0.10455091688482","0.42620630632579","0.45765180262698","0.096392509776304","0.39559405506845","0.3857919970496","0.4895415814169"
"Escuela_29","0.4566352209443","0.061078522411539","0.14315039140044","0.50934916043111","0.57445375689804","0.84087624355288","0.2516490399297","0.85615616644958","0.60027069740876","0.10425098312944","0.12101515927485","0.21272279654179","0.3728301223454","0.77604111638486","0.089587974641548","0.75163461422137","0.36016183921732","0.63455902974189","0.53250079093941","0.41959689401852","0.59136952212596","0.38240333034066","0.55967197002385","0.029526033912696","0.099428837265912","0.47334517695597","0.37229299841739","0.74382764816229","-0.0085141923674622","0.58541383086324","0.28231877406041","0.063382969745605","0.7763033270046","0.18799859885496","0.35992265107493","0.20632300609033","0.4857565101737","0.68376334286371","0.42539118964986","0.2151082991265","0.41596867256722","0.32031693299543","0.40753263931073","0.009973058569109","0.4696750714595","0.15087159139942","0.33814320420827","0.47513625603928","0.50525055457409","0.20208894154894"
"EstaciÃ³n_30","0.692001723753","0.73153491003087","0.38283546004079","0.21111160805772","0.4852937327171","0.59521570558211","0.1869141961801","0.47985648711456","0.51325845406997","0.66982205971253","0.55063044194725","0.58634065054629","0.30714833257508","0.060038185051593","0.078418810390469","0.54930177372058","0.31679570374178","0.58031950286113","0.44516430826804","0.65284336760188","0.25594258531423","0.21254490391232","0.7034557728312","0.71357570967336","0.18531297921488","0.48544860286923","0.54295512193298","0.72473490240559","0.56293296829754","-0.0085141923674622","0.43619785986277","0.64571477643451","0.5496091494551","0.19717521901598","0.77563056109223","0.66139436660509","0.28630223087072","0.69573583760208","0.53460522133656","0.46000376131557","0.35408736956832","0.19734458819643","0.56596584974754","0.36136773311816","0.39577068292806","0.11859719426388","0.71042767917665","0.2423639795012","0.86625760832387","0.71361125153926"
"Banco_31","0.43198736769866","0.67320964495161","0.35699639522262","0.54747189003174","0.04926542533477","0.086887122773226","0.20671614788496","0.70738790564744","0.36797914339521","0.32201625210932","0.34330082569308","0.34822978045428","0.24650846534292","0.54044031954319","0.37300475223525","0.69147801738344","0.4834740038471","0.3146542834089","0.43647295647102","0.42413397175494","0.22666263162313","0.14251316735398","0.15241006478188","0.17654128703714","0.30998609119761","0.68867253788719","0.3855961593522","0.67206031742424","0.35816366781791","0.47949725581602","-0.0085141923674622","0.2345918221081","0.42315456330796","0.15352837795283","0.18966582214256","0.049339955106169","0.67778897333315","0.28733585945144","0.43607074132744","0.092058345116467","0.16065478785044","0.5213249179091","0.81829020345931","0.69971258563317","0.48627132649429","0.81597433653656","0.10641652573953","0.47922307570766","0.48253358330562","0.47742855058475"
"Banco_32","0.25408731457832","0.40561517489201","0.52208544785134","0.67947016407914","0.40339541214817","0.43207568162847","0.19805960475392","0.13957349394322","0.088562869509845","0.26740497454147","0.75738539443773","0.45727752240017","0.22044055050116","0.40657209243158","0.27428259137779","0.57420223266706","0.7025372932972","0.69394948765823","0.33614032199941","0.77264174495714","0.82316838412637","0.30284263440196","0.57721880041895","0.74122108580309","0.76335287188908","0.22418173972943","0.34648276668589","0.047662576999739","0.73862432999275","0.67929535088932","0.05844549153539","-0.0085141923674622","0.12575588328777","0.52179040820539","0.74447247915788","0.73141739641443","0.19800538462018","0.57872952218461","0.87248821289486","0.85799638825722","0.084703085195264","0.5805242306075","0.42599776593986","0.34187913272715","0.32902406692062","0.70432455974095","0.11308541888994","0.29708351403656","0.1519982447194","0.0086717753592771"
"Escuela_33","0.64743458848605","0.079047327687938","0.19589261407399","0.23716737011089","0.27003129663839","0.56100153642042","0.82899695685375","0.10744997102027","0.58882135914001","0.28951318825018","0.32699598096466","0.34225359625393","0.53353931362956","0.019881742185647","0.86524120994116","0.57448059201494","0.099394926769825","0.17798473771056","0.35500711387218","0.14206254268598","0.62211378602807","0.16576671265052","0.049112919752369","0.49666817461449","0.38483671087984","0.78739306737484","0.62185665281774","0.423561489261","0.21557089328312","0.57664486985518","0.54556421383189","0.59695419590149","-0.0085141923674622","0.42927636101151","0.65109254119392","0.72204438865608","0.51754147803571","0.73172911635846","0.056866398877618","0.14505135882107","0.034909059381495","0.83952763228851","0.04065294751865","0.7324463141857","0.036540740803199","0.24931086539953","0.19222958395671","0.55628275341497","0.2049506391487","0.60864109094282"
"Parque_34","0.51579609563713","0.78952451618887","0.69406227213521","0.21892909553558","0.62331678378924","0.13400586706572","0.010096731064837","0.73709564482916","0.57376539215747","0.54841901935245","0.49499279447783","0.40040949215274","0.76581816495458","0.0080211337543612","0.40714783766514","0.33301604717995","0.81948449447149","0.42720294497078","0.17918447273211","0.79884511848327","0.040544507251164","0.26149353189365","0.326741743894","0.11318551900839","0.67294814920178","0.23000015763798","0.15292687907224","0.36150156043272","0.67542051764647","0.4104081210689","0.132972238485","0.57759434541561","0.48743733431973","-0.0085141923674622","0.85247264339466","0.64133636315978","0.36846893926868","0.36054627426296","0.0023466979791911","0.43337859620811","0.57203342731734","0.36575956395135","0.51881845566835","0.1093206572844","0.55186245609507","0.27688515779745","0.69057295540788","0.79941833417712","0.61604838972802","0.57674478667365"
"Parque_35","0.71256075936049","0.34572894552288","0.81346932236564","0.45398569307005","0.071603937136906","0.051483373408819","0.67650565352125","0.1266776255614","0.17029744820767","0.72413105728528","0.73020587520424","0.026893003036547","0.23267888519886","0.28774278540448","0.51688013171203","0.48494483953737","0.43280266767457","0.48193208442504","0.30599937164767","0.13469712794595","0.26819815020993","0.87226262561089","0.68790456596581","0.11783303498207","0.58939239356412","0.82713987144806","0.10217538581896","0.093227432381554","0.69257420624694","0.14797072259418","0.63975945177176","0.20073506957517","0.20275807812172","0.1339193678057","-0.0085141923674622","0.053491149727121","0.5326074165371","0.1128431513079","0.33426474162585","0.77444968763851","0.56431259391833","0.68270469383588","0.3956074726269","0.72671566030701","0.30828514071389","0.051671420857118","0.12003593412785","0.55013538536438","0.67490515142595","0.54434779851226"
"Hotel_36","0.32294488646216","0.25240322769267","0.50132113459754","0.48071095829596","0.44127913690639","0.023846520728112","0.015494988761878","0.85396523679241","0.63804435052968","0.091136602842836","0.64460480341261","0.50891703073097","0.49745627287355","0.4736559987301","0.62185120880837","0.5791819615224","0.24295187752335","0.35672692592371","0.34707918815706","0.11275338930826","0.30398307188035","0.30118556593319","0.62427425122875","0.81102851817731","0.0054524778307841","0.69751513049675","0.60368946197424","0.52897195473664","0.37721071688988","0.65083685605343","0.51377145572077","0.38712084857625","0.59311490452454","0.45350060800603","0.37897059831679","-0.0085141923674622","0.28844256973373","0.42406978010235","0.061398765804582","0.63315764641361","0.7661048644515","0.52784601628657","0.34135108214809","0.43766706418322","0.44528308665433","0.41781215711448","0.44979840668326","0.37056303154703","0.22201311767969","0.38980265557677"
"Museo_37","0.2441447204657","0.30864781805204","0.062527233794357","0.5466196001201","0.13039868845199","0.18624995371676","0.36253682038325","0.57816048573028","0.016938622735283","0.1435112540688","0.94966685228845","0.21848899228637","0.48839298708945","0.49801352313924","0.056852798019187","0.54037757596043","0.010964253204725","0.41845156243069","0.37906054361641","0.76766183280182","0.21749416831117","0.59987555764436","0.32584375729763","0.5602937785421","0.63024227858004","0.56280929580181","0.1468812425099","0.68903448202542","0.62798081509101","0.24566959298973","0.68417860896579","0.55125569650509","0.63156768406709","0.0075873726844172","0.45069331383999","0.044202643259015","-0.0085141923674622","0.90565370454756","0.066702184092568","0.53003876061353","0.09878327307041","0.25744896287039","0.28300495753123","0.29780016196386","0.67965784492748","0.13236058478559","0.36427186466303","0.72724244611622","0.54265845091721","0.022372422298222"
"Estadio_38","0.18429132012278","0.28315746311363","0.51866776475574","0.11008989397563","0.23219435003477","0.74456805176685","0.49608009329236","0.35478189318817","0.015879607107493","0.56210153792348","0.098817183566497","0.085673970193224","0.15064274137583","0.45967336310369","0.19469124768263","0.60709862162082","0.53041522211008","0.015874529698079","0.19126522443799","0.61195449468045","0.36444359841321","0.69288539462103","0.041564534973453","0.62030294720704","0.20569612016267","0.6613301749525","0.62902875940008","0.3617287790865","0.48020719496409","0.4614697028964","0.070178981431346","0.86780170901568","0.29401364265083","0.37426867890939","0.43537621770758","0.12064232711788","0.48155254348884","-0.0085141923674622","0.61478228178412","0.56217896383455","0.40396081926292","0.76090788846123","0.17869975426805","0.16285079491702","0.04022426385812","0.29201728592121","0.43950365665128","0.72709501794323","0.059480751485921","0.71900987583626"
"Banco_39","0.49552936850591","0.58169350117257","0.81431164075844","0.75590277255882","0.5645719083984","0.21557615399251","0.13367546885385","0.4865814150685","0.19262091108155","0.18251747123748","0.24745214862402","0.11602853834031","0.22340253151935","0.22846676166494","0.065687233779693","0.17878280748846","0.52764183844013","0.21717211024834","0.71267790637697","0.29534502371718","0.6656862806198","0.79317739148733","0.61497251050217","0.48187460155167","0.71087504110502","0.73266627416031","0.38974861874301","0.012960243334388","0.6276984598036","0.17332017483885","0.5338916528489","0.75050614623159","0.74788490154408","0.080141885181626","0.0060590541207852","0.40511122826016","0.079169368813855","0.15096643080847","-0.0085141923674622","0.29272396232965","0.5365433619929","0.32858849118089","0.75490197300431","0.33176716943407","0.3917815988084","0.0083515319662332","0.2197712306284","0.32741777254599","0.70306517890628","0.75265137920403"
"EstaciÃ³n_40","0.25584266849576","0.77280006114887","0.72406921187241","0.47913041756835","0.45994790981201","0.069631702684502","0.29126872546759","0.78554432211819","0.48774742289395","0.31899860288756","0.04423492238529","0.68524759611243","0.81561274066829","0.15178154748441","0.29781884023171","0.44739459243066","0.31787684367701","0.78131841442585","0.10399856072857","0.089374540146178","0.49940438504873","0.69172862511452","0.47453131111909","0.011516609360983","0.2402495775852","0.74435425067152","0.54801916877859","0.46981579085326","0.37759804807519","0.15652390286714","0.44893451388296","0.41325784918004","0.22458829908251","0.11427318442287","0.5204653693183","0.51540821455189","0.36632207492643","0.70485660625955","0.11802452846997","-0.0085141923674622","0.19856118681604","0.7333613476801","0.62037584560863","0.76334326697019","0.6086369117033","0.38269818668663","0.30392395763718","0.1842555949569","0.68350747442324","0.45756893270655"
"Estadio_41","0.46666086827734","0.34720630669239","0.46250459624697","0.48950948559061","0.48579223533958","0.14010717183163","0.22299905160591","0.53795634820984","0.50935713398019","0.36197267803835","0.13121180715816","0.80483472024207","0.11372082826662","0.26646292263018","0.16094964419641","0.74420990193818","0.67850906730005","0.72137706675309","0.2519506050549","0.62008606667207","0.031764291624401","0.26620197678029","0.60203384157529","0.69242151736456","0.97657200811359","0.091778904298714","0.12850080047101","0.44415788140418","0.48789793050658","0.89938665994078","0.027006520713448","0.74342579961866","0.44133409024005","0.61186909522031","0.4388579091558","0.5261334629142","0.15541411314521","0.70704771921669","0.072422316552465","0.21901722616541","-0.0085141923674622","0.65160935548428","0.24949383543841","0.18408277973685","0.57469529128016","0.16165124319545","0.55424124990056","0.74804756194531","0.066693660643552","0.43774811943387"
"Hotel_42","0.56355332874595","0.58632215557842","0.60945221167921","0.62389381212265","0.20868838233736","0.065322925071734","0.47779467396249","0.011679269762212","0.63443880328576","0.81581420567504","0.25111736001106","0.69074413925813","0.70908396202171","0.56983760355074","0.49355205664409","0.614532040653","0.41333056428165","0.7514601676315","0.66661654634245","0.54403281582861","0.65846303334337","0.77931226947736","0.04065294751865","0.1554904575864","0.23153863102044","0.43457633325989","0.66978651784664","0.83926468846885","0.084027056543278","0.33651841486577","0.80833908589767","0.2216689353094","0.27308285635624","0.12350747075724","0.58756250987529","0.32766693220724","0.21367826601153","0.69020067315084","0.30257026896339","0.68104128318784","0.57482404118531","-0.0085141923674622","0.52592818526789","0.49511302093396","0.57654077379719","0.053106531381506","0.039287289356247","0.61343059108011","0.77699258991506","0.60433647423957"
"Mercado_43","0.37154080862419","0.11345480500732","0.090125098569564","0.75871206469463","0.28910826026691","0.33732645616253","0.6591967281687","0.61478065041431","0.24595429451687","0.65525570530349","0.7038917151709","0.43421873333116","0.71423995213671","0.39068903928448","0.38627326947406","0.24512576028249","0.11616925773407","0.25205614918272","0.35114062077837","0.6589765848941","0.45156138587982","0.70637640137416","0.79275741457579","0.61908453391764","0.35439201413316","0.46466306347788","0.7097703287925","0.019512356068274","0.78219264534497","0.24796733154457","0.058711514794691","0.68926769458851","0.57155415286265","0.35485479158976","0.53861732793356","0.56174720073437","0.21242612552603","0.57964800171862","0.21249902392761","0.12830930698311","0.60722555685617","0.33414777790935","-0.0085141923674622","0.82913241553812","0.23096777989632","0.55286670168918","0.57079325632046","0.061132742545282","0.24079322699246","0.54979338426384"
"Museo_44","0.12801281926732","0.9375588988657","0.49806429723338","0.65960691686136","0.20531857719624","0.32114854666946","0.71738508649376","0.23428010216408","0.44524101930919","0.16885381423427","0.16994529228831","0.50519941387999","0.31625023966472","0.17662597162736","0.70266659310227","0.64428129727994","0.61512628085443","0.17928946696","0.03061551399697","0.035151326963537","0.18904219895453","0.82773447824944","0.28764413335587","0.18579262026953","0.23159629719379","0.73048549932197","0.4016092271743","0.38511433702781","0.63021344549337","0.34777897248631","0.76454608143138","0.2068448977901","0.46668117791499","0.19977089335644","0.64126401465813","0.096814484657608","0.29948098610989","0.5608067801929","0.17466389199379","0.10457122652248","0.46059999948676","0.43153655973068","0.52624534922129","-0.0085141923674622","0.56712841153338","0.046613716190777","0.41282445471006","0.61193292027294","0.21263121987236","0.096919478885492"
"Banco_45","0.32639266741429","0.64278054703312","0.049724573451784","0.64124678446012","0.56836169045106","0.10335136516325","0.13890417407046","0.20917473217124","0.23155223187887","0.10545398089061","0.3533500454034","0.22003217647829","0.031650773947501","0.13597465547852","0.59543803012645","0.29007098841581","0.19404405211732","0.51632632748594","0.21007616480721","0.70869426626668","0.52077201185291","0.30209370734839","0.34882275588585","0.45704377826715","0.18452506425581","0.63695360567555","0.58754111876775","0.72623601925236","0.69932488784791","0.77333463720718","0.19698372552808","0.24523075451037","0.0046391758246391","0.59502258072439","0.73664447026123","0.38559108194279","0.38489908786265","0.4448899448597","0.16261015870479","0.075705989033529","0.57931089472752","0.07563145926213","0.066851243635366","0.09592157547065","-0.0085141923674622","0.21394936668024","0.097756536568896","0.38365710219597","0.92610158704788","0.36772056211505"
"EstaciÃ³n_46","0.1684098983455","0.5315554762885","0","0.76290079915125","0.66939465915186","0.28400467561586","0.50276095593139","0.38236978644453","0.09887140370024","0.015218810683749","0.80206623068156","0.031589845034532","0.68382518827657","0.4511308875495","0.13664415865126","0.56766535216142","0.29871393068841","0.53955411913545","0.70121370247994","0.85869254324688","0.58496338949522","0.5161118115207","0.73844099335391","0.077974894501697","0.71575466984191","0.089130641194324","0.29900189495518","0.72144288977549","0.34647442653685","0.53225362924793","0.24661364287079","0.17111238158363","0.48654134569313","0.66235364871439","0.6937278779838","0.35030356309497","0.548708798289","0.3113145761243","0.69020048985086","0.2197443955115","0.86177438412124","0.65809872463541","0.50656996615183","0.57504436775988","0.63071629232534","-0.0085141923674622","0.8245217062002","0.084096508905263","0.58991573333372","0.81325425650046"
"Hospital_47","0.46103557522649","0.5154774836139","0.31940334757085","0.53802235453222","0.040276852622051","0.28965372434396","0.47823695848145","0.51953057608617","0.22251777918145","0.41470129985347","0.70773208801772","0.70465169521319","0.7312313469359","0.64458957118436","0.73979904456719","0.36357897241299","0.10466280319191","0.45017486817982","0.13105422416634","0.26454164557189","0.19068421849504","0.66190628678601","0.14765573991053","0.1175164209286","0.69698308397815","0.2354428472499","0.76786674384818","0.42124344106851","0.77878803153786","0.37083594688553","0.47077833570218","0.51231440418892","0.21125885293073","0.65717390292213","0.20260557253932","0.72292406358456","0.60588691711065","0.12051520858254","0.12503415795106","0.58935032621897","0.88206341885988","0.55722299065647","0.2286143731379","0.87257163271523","0.065663478102435","0.59637645269816","-0.0085141923674622","0.55918670165985","0.78796083905932","0.34641494569372"
"EstaciÃ³n_48","0.35485479158976","0.19829679492655","0.52609429170872","0.41402527120148","0.31234639003523","0.26803693787854","0.59689326698852","0.40926986486026","0.29001966442173","0.3160554834372","0.71484689502667","0.2502088519959","0.30488432121635","0.0085633350917911","0.0042935453845249","0.29978273453507","0.30448954805191","0.097663328529652","0.057311946136201","0.68346866981772","0.42662628323733","0.33759103135199","0.18409801196509","0.24572889053289","0.072835767984752","0.66788573372599","0.44564757866227","0.51979533457562","0.74550266169899","0.050646315725415","0.25672379149407","0.75062818735751","0.81163762400702","0.63052553203735","0.71277600852565","0.55954611625838","0.62211396932805","0.4086239340648","0.68726933988912","0.68134374648293","0.31082006944136","0.18501812286891","0.61708746231811","0.40087371767917","0.25087327775922","0.24642033471309","0.15252013641918","-0.0085141923674622","0.49127517762684","0.76410905762181"
"Mercado_49","0.20674153493203","0.28949795602194","0.35378906718274","0.41213264392989","0.3834046797951","0.41415746714623","0.70966188852502","0.12978340541299","0.76960849690718","0.6468769716204","0.50969279290145","0.03224211800926","0.69702588452321","0.71036693356366","0.36859261176441","0.52067209503444","0.23774166727461","0.30701413866057","0.23157417288634","0.13481916907187","0.35405327577225","0.68055420015405","0.073950635116097","0.45302622766077","0.076031309835987","0.55930529674617","0.78433643024758","0.25718964839031","0.81223496197809","0.4080476389313","0.43000824116705","0.40716669923296","0.13849924608719","0.4029271906822","0.38342046192328","0.11587603275791","0.35873470224202","0.3007434647142","0.41058075298898","0.779324055666","0.30682953725187","0.61267785138698","0.41249187522844","0.38447385024172","0.17769006466457","0.60970281941029","0.72963828681974","0.24236579417099","-0.0085141923674622","0.67860790264865"
"Escuela_50","0.24351983250781","0.49435175779181","0.010698229945424","0.01844826303107","0.73663668001213","0.44351268380864","0.66950181631949","0.33578109070086","0.25674228646194","0.22317205012595","0.42881721289449","0.77495434914027","0.58583743711436","0.2722730003897","0.19758522440867","0.12291104928606","0.040663102337478","0.77895993025802","0.40496380008718","0.74481666152816","0.59812672920618","0.63267747378902","0.19827648528889","0.65614009104143","0.40543310302302","0.73664538676112","0.62413008579539","0.17757473231788","0.52408380255073","0.18188206186081","0.70072227523665","0.30700742988134","0.41936641262512","0.19639437943609","0.77497157933828","0.04338934125287","0.61449594888717","0.72595349899497","0.24892479898408","0.70499206494392","0.4780320474351","0.82952174469319","0.22934951603307","0.58105083311673","0.64571640780433","0.75939227258613","0.24437701652889","0.602123072005","0.51888193245102","-0.0085141923674622"
